Model,MAE_Watts,Rank
CatBoost,41.011891087054735,1
GradientBoosting,41.67575173925792,2
RandomForest,42.05112943287868,3
MLPRegressor,42.28376766056367,4
Ridge,47.9026341278922,5
